"","analysis_variable_name","N_ELSA_subset","N_HRS_subset","N_ELSA_discrimYES","N_HRS_discrimYES","chi_value_cross_national","pvalue_cross_national","cross_country_OR_UK","CI1_UK","CI2_UK","cross_country_OR_USA","CI1_USA","CI2_USA"
"L.R. Chisq","disability","2890","386","264","7","0.593404359930005","0.44110568508067","1.05990867105985","1.01805393190228","1.10348416305285","1.09516585339633","0.976518614943774","1.22822875886945"
"L.R. Chisq1","financial discrimination","7581","7068","504","151","3.63408072456099","0.0566078581533566","1.0790509899453","1.05736895474842","1.10117762931575","1.14634747809715","1.07895006585559","1.2179549194407"
"L.R. Chisq2","financial discrimination, female","4257","4131","238","76","1.16623257189134","0.280176699948393","1.05804426006598","1.03275309141548","1.08395478606049","1.17650890482196","1.09982724230979","1.25853693187158"
"L.R. Chisq3","financial discrimination, male","3324","2937","266","75","2.48821995533714","0.114701387433932","1.10664092052552","1.06622262519124","1.14859138987217","1.14213236664852","1.01301037079364","1.28771272294495"
"L.R. Chisq4","sex discrimination, female","4816","4583","437","569","28.9227550342418","7.53228314165355e-08","0.873436754045196","0.858801466808253","0.888321448905195","1.58930551495955","1.50381344374346","1.67965782616834"
"L.R. Chisq5","sex discrimination, male","3855","3344","122","132","1.78997149719339","0.180929635751152","0.961551133908781","0.949914173008151","0.973330653856166","1.21176163446157","1.16231768993187","1.2633088797255"
"L.R. Chisq6","race discrimination","213","717","38","142","1.01042343239652","0.314801419091315","0.919053432184981","0.855651732746427","0.987153042394769","1.31506443412965","1.25675577852348","1.37607838807356"
"8",NA,NA,NA,NA,NA,NA,NA,NA,NA,NA,NA,NA,NA
