"","table_names_mean_sd","X","mean_ELSA_age","mean_HRS_age","sd_ELSA_age","sd_HRS_age","mean_ELSA_BMI","mean_HRS_BMI","sd_ELSA_BMI","sd_HRS_BMI","mean_ELSA_wealth","mean_HRS_wealth","sd_ELSA_wealth","sd_HRS_wealth","low_SES_ELSA_n","low_SES_HRS_n","female_ELSA_n","female_HRS_n"
"1","ALL",1,66.5730596240341,67.2776586350448,9.03464730839572,10.7991543751725,28.1634963715307,35.367689510305,4.99789925027761,18.1441216337854,464919.823388628,356209.6436167,637168.150219795,860157.158151057,7581,7068,3855,3344
"2","disability",1,68.6017301038062,70.7020725388601,9.37353364739969,9.79248828757313,29.2717122648082,35.491555334085,5.72328616432319,18.2014821091157,345833.874440874,426604.167860479,499114.89012017,830973.953919172,2662,332,1189,179
"3","financial",1,66.8187574198654,67.0015563101302,9.18201302288125,10.8344435984679,28.3319634499534,35.5752709384788,5.06625658801533,17.8954097364229,313643.35296947,172017.99991801,223456.163304987,192810.512100659,7581,7068,3324,2937
"4","sex_female",1,66.3837209302326,67.1344097752564,9.30678114213542,10.9617724265384,28.2404866952885,35.2574873539253,5.56605392481639,21.7107245421492,436907.466214738,332947.546263313,569834.157844665,856393.987997687,4257,4131,0,0
"5","race",1,62.7558685446009,55.8744769874477,8.09708343843961,4.80931111120335,28.9011231386475,37.2447726263631,5.45760887131171,20.6062135451169,414676.996797,91342.8165902057,449472.437027945,239436.175702996,192,705,96,278
"6","BMI_30",1,66.5659989727786,66.2419106317411,8.36273819383716,10.1845819712928,33.9899226040914,40.3541966879195,3.80973323829236,20.5946362504772,379753.154291379,309020.433576826,499472.329733541,739178.403386832,1771,4720,802,2455
