"","Estimate","Std. Error","z value","Pr(>|z|)"
"(Intercept)",1.00806312084603,0.397036084142308,2.5389710434599,0.0111179024754856
"age",-0.0614650312763216,0.00634864255742901,-9.68160212522862,3.61013619625333e-22
