"","Estimate","Std. Error","z value","Pr(>|z|)"
"(Intercept)",0.175871649201728,2.20544984199264,0.0797441165303611,0.936440771237344
"age",-0.0788501394935496,0.0348745152897944,-2.26096732351214,0.023761280587034
