"","Estimate","Std. Error","z value","Pr(>|z|)"
"(Intercept)",-0.0128150481313335,1.46253602821064,-0.00876221021851494,0.993008857207298
"age",-0.0716702924139317,0.0232830697879633,-3.0782149032162,0.00208244681110761
