"","Estimate","Std. Error","z value","Pr(>|z|)"
"(Intercept)",1.11073302583729,0.398972363309641,2.78398487710602,0.00536955376860542
"age",-0.0518261054662664,0.00625854367738358,-8.28085703924216,1.22291930195815e-16
