"","mean_ELSA_age","mean_HRS_age","sd_ELSA_age","sd_HRS_age","mean_ELSA_BMI","mean_HRS_BMI","sd_ELSA_BMI","sd_HRS_BMI","mean_ELSA_wealth","mean_HRS_wealth","sd_ELSA_wealth","sd_HRS_wealth","low_SES_ELSA_n","low_SES_HRS_n","female_ELSA_n","female_HRS_n"
"1",66.5730596240341,67.2776586350448,9.03464730839572,10.7991543751725,28.1634963715307,35.367689510305,4.99789925027761,18.1441216337854,464919.823388628,356209.6436167,637168.150219795,860157.158151057,7581,7068,3855,3344
