"","Estimate","Std. Error","z value","Pr(>|z|)"
"(Intercept)",2.75539800069492,0.731533559395483,3.76660505223014,0.00016548247018685
"age",-0.0774389673176463,0.0115800014117351,-6.68730206191257,2.2732236533889e-11
