"","analysis_variable_name","rownames_situations","discrim_lessrespectcross_country_OR_UK","discrim_lessrespectCI1_UK","discrim_lessrespectCI2_UK","discrim_lessrespectcross_country_OR_USA","discrim_lessrespectCI1_USA","discrim_lessrespectCI2_USA","discrim_lessrespectchi_value_cross_national","discrim_lessrespectpvalue_cross_national"
"L.R..Chisq","age_discrimination","discrim_lessrespect",1.28374075287251,1.05921068284365,1.55586640814585,2.3055156709768,1.1887018642806,4.47160273643256,1.21596082090019,0.270154801546536
"L.R..Chisq.1","age_discrimination","discrim_medical",0.573782435207365,0.475606431165143,0.692224203415322,2.3769067119124,1.24955166416612,4.52137008749014,6.04655863966951,0.0139334273582087
"L.R..Chisq.2","age_discrimination","discrim_notclever",0.948350229062927,0.770574135085519,1.16714033863062,0.532419769651729,0.261421090312802,1.08434560798754,0.0551059649049108,0.814405418751446
"L.R..Chisq.3","age_discrimination","discrim_poor_service",0.750657385576787,0.608076968480289,0.926669714081173,1.28909746999145,0.625250873224963,2.65776883855782,1.60632725637979,0.205008846067425
"L.R..Chisq.4","age_discrimination","discrim_harrased",0.467433819880081,0.391958827958272,0.557442160713229,1.81252394045267,0.991348453806646,3.31391351053122,11.3325574173206,0.000761599431120197
