"","Estimate","Std. Error","z value","Pr(>|z|)"
"(Intercept)",-5.15809991355884,0.229110424772498,-22.5135976186187,3.05450467992139e-112
"age",0.0656946134215648,0.00333917386541637,19.6739121918628,3.60836799984497e-86
