"","analysis_variable_name","rownames_situations","discrim_lessrespectcross_country_OR_UK","discrim_lessrespectCI1_UK","discrim_lessrespectCI2_UK","discrim_lessrespectcross_country_OR_USA","discrim_lessrespectCI1_USA","discrim_lessrespectCI2_USA","discrim_lessrespectchi_value_cross_national","discrim_lessrespectpvalue_cross_national"
"L.R..Chisq","age_discrimination","discrim_lessrespect",1.65907705155534,1.33423640027689,2.06300522338197,2.15975392145629,1.0954012013965,4.2582909305733,3.64477918472804,0.0562452618238087
"L.R..Chisq.1","age_discrimination","discrim_medical",0.627375470105093,0.499096801642675,0.788624529738784,2.42677816612556,1.19424915303638,4.93134305568505,3.1115831782269,0.0777373634332764
"L.R..Chisq.2","age_discrimination","discrim_notclever",1.12701837604983,0.883176529146202,1.43818407536478,0.421161109904606,0.197805635775092,0.896722076704429,0.204692908250649,0.650959236239105
"L.R..Chisq.3","age_discrimination","discrim_poor_service",0.80881528458124,0.626400949989035,1.04435053073225,1.15002908477124,0.519863380728975,2.54406627750008,0.642080263283404,0.422958506129235
"L.R..Chisq.4","age_discrimination","discrim_harrased",0.466228247093946,0.375724570764156,0.578532242238517,1.74049461241227,0.891535541583292,3.39786957955298,8.33600937888632,0.00388668773153245
